Workbook

Sheet System_load_trend
A3: Month-Year | B3: Average of Total System load
A4: 2023-01 | B4: 7413.5
A5: 2023-02 | B5: 7967.1053
A6: 2023-03 | B6: 8190.4737
A7: 2023-04 | B7: 8092.8571
A8: 2023-05 | B8: 8404.0909
A9: 2023-06 | B9: 6282.1
A10: 2023-07 | B10: 7073.381
A11: 2023-08 | B11: 9585.1
A12: 2023-09 | B12: 10992.368
A13: 2023-10 | B13: 10308.227
A14: 2023-11 | B14: 9909.6
A15: 2023-12 | B15: 11255.263
A16: 2024-01 | B16: 9021.6364 | F16: The system demonstrated sustained growth in operational care burden across multiple reporting periods, suggesting increasing strain on healthcare and shelter infrastructure.
A17: 2024-02 | B17: 8766.8
A18: 2024-03 | B18: 8703.8571
A19: 2024-04 | B19: 7336.3182
A20: 2024-05 | B20: 7836.0476
A21: 2024-06 | B21: 7691.4762
A22: 2024-07 | B22: 6498.7619
A23: 2024-08 | B23: 6258.7368
A24: 2024-09 | B24: 6452.6364
A25: 2024-10 | B25: 6276.2857
A26: 2024-11 | B26: 6151.4211
A27: 2024-12 | B27: 6690.4091
A28: 2025-01 | B28: 5080.0455
... A40: Grand Total | B40: 6232.7694

Sheet Inflow_vs_Outflow_Analysis
A3: Month-Year | B3: Average of Children transferred out of CBP custody | C3: Average of Children discharged from HHS Care
A4: 2023-01 | B4: 34.5 | C4: 232
A5: 2023-02 | B5: 138.78947 | C5: 272.78947
A6: 2023-03 | B6: 178.89474 | C6: 282.89474
A7: 2023-04 | B7: 188.90476 | C7: 269.90476
A8: 2023-05 | B8: 164.63636 | C8: 284.36364
A9: 2023-06 | B9: 120.8 | C9: 201.45
A10: 2023-07 | B10: 185.57143 | C10: 209.85714
A11: 2023-08 | B11: 179.35 | C11: 323.5
A12: 2023-09 | B12: 209 | C12: 344.52632
A13: 2023-10 | B13: 93.136364 | C13: 348.09091
A14: 2023-11 | B14: 159.9 | C14: 299.6
A15: 2023-12 | B15: 163.42105 | C15: 358.10526
... A40: Grand Total | B40: 128.66806 | C40: 173.40694

Sheet Backlog_Accumulation_Trend
A3: Month-Year | B3: Average of Net Intake Pressure
A4: 2023-01 | B4: -197.5
A5: 2023-02 | B5: -134
A6: 2023-03 | B6: -104
A7: 2023-04 | B7: -81
A8: 2023-05 | B8: -119.72727
A9: 2023-06 | B9: -80.65
A10: 2023-07 | B10: -24.285714
A11: 2023-08 | B11: -144.15
A12: 2023-09 | B12: -135.52632
A13: 2023-10 | B13: -254.95455
A14: 2023-11 | B14: -139.7
A15: 2023-12 | B15: -194.68421
... A40: Grand Total | B40: -44.738889

Sheet HHS_Unaccompanied_Alien_Childre
A1: Date | B1: Month | C1: Month-Year | D1: Children apprehended and placed in CBP custody* | E1: Children in CBP custody | F1: Children transferred out of CBP custody | G1: Children in HHS Care | H1: Children discharged from HHS Care | I1: Total System load | J1: Net Intake Pressure | K1: Care load Growth Rate | L1: Transfer Validation | M1: Discharge Validation | N1: Backlog Trend Indicator | O1: Discharge Offset ratio | P1: 7 Days Rolling Avg. | Q1: Volatality Metrics (Standard Diviation)
A2: 44938 | B2: =TEXT(A2, "mmmm") -> January | C2: =TEXT(A2, "yyyy-mm") -> 2023-01 | D2: 33 | E2: 53 | F2: 34 | G2: 6566 | H2: 436 | I2: =SUM(G2+E2) -> 6619 | J2: =F2-H2 -> -402 | K2: =(I3-I2)/I2 -> 0.083396283 | L2: =IF(F2<=E2, "Valid", "Invalid") -> Valid | M2: =IF(H2<=G2, "Valid", "Invalid") -> Valid | N2: =IF(J2>0, "Increasing Pressure", "Stable/Reducing") -> Stable/Reducing | O2: =IFERROR(H2/F2, 0) -> 12.823529 | P2: =P3 -> 7527 | Q2: =_xlfn.STDEV.S(I:I) -> 2918.4581
A3: 44948 | B3: =TEXT(A3, "mmmm") -> January | C3: =TEXT(A3, "yyyy-mm") -> 2023-01 | D3: 32 | E3: 49 | F3: 39 | G3: 7122 | H3: 227 | I3: =SUM(G3+E3) -> 7171 | J3: =F3-H3 -> -188 | K3: =(I4-I3)/I3 -> 0.02217264 | L3: =IF(F3<=E3, "Valid", "Invalid") -> Valid | M3: =IF(H3<=G3, "Valid", "Invalid") -> Valid | N3: =IF(J3>0, "Increasing Pressure", "Stable/Reducing") -> Stable/Reducing | O3: =IFERROR(H3/F3, 0) -> 5.8205128 | P3: =AVERAGE(I3:I9) -> 7527 | Q3: =_xlfn.STDEV.S(I:I) -> 2918.4581
A4: 44949 | B4: =TEXT(A4, "mmmm") -> January | C4: =TEXT(A4, "yyyy-mm") -> 2023-01 | D4: 32 | E4: 50 | F4: 39 | G4: 7280 | H4: 181 | I4: =SUM(G4+E4) -> 7330 | J4: =F4-H4 -> -142 | K4: =(I5-I4)/I4 -> 0.019781719 | L4: =IF(F4<=E4, "Valid", "Invalid") -> Valid | M4: =IF(H4<=G4, "Valid", "Invalid") -> Valid | N4: =IF(J4>0, "Increasing Pressure", "Stable/Reducing") -> Stable/Reducing | O4: =IFERROR(H4/F4, 0) -> 4.6410256 | P4: =AVERAGE(I4:I10) -> 7636.1429 | Q4: =_xlfn.STDEV.S(I:I) -> 2918.4581
A5: 44950 | B5: =TEXT(A5, "mmmm") -> January | C5: =TEXT(A5, "yyyy-mm") -> 2023-01 | D5: 47 | E5: 42 | F5: 47 | G5: 7433 | H5: 175 | I5: =SUM(G5+E5) -> 7475 | J5: =F5-H5 -> -128 | K5: =(I6-I5)/I5 -> 0.011371237 | L5: =IF(F5<=E5, "Valid", "Invalid") -> Invalid | M5: =IF(H5<=G5, "Valid", "Invalid") -> Valid | N5: =IF(J5>0, "Increasing Pressure", "Stable/Reducing") -> Stable/Reducing | O5: =IFERROR(H5/F5, 0) -> 3.7234043 | P5: =AVERAGE(I5:I11) -> 7716.4286 | Q5: =_xlfn.STDEV.S(I:I) -> 2918.4581
A6: 44951 | B6: =TEXT(A6, "mmmm") -> January | C6: =TEXT(A6, "yyyy-mm") -> 2023-01 | D6: 20 | E6: 22 | F6: 41 | G6: 7538 | H6: 180 | I6: =SUM(G6+E6) -> 7560 | J6: =F6-H6 -> -139 | K6: =(I7-I6)/I6 -> -0.0056878307 | L6: =IF(F6<=E6, "Valid", "Invalid") -> Invalid | M6: =IF(H6<=G6, "Valid", "Invalid") -> Valid | N6: =IF(J6>0, "Increasing Pressure", "Stable/Reducing") -> Stable/Reducing | O6: =IFERROR(H6/F6, 0) -> 4.3902439 | P6: =AVERAGE(I6:I12) -> 7734.8571 | Q6: =_xlfn.STDEV.S(I:I) -> 2918.4581
A7: 44955 | B7: =TEXT(A7, "mmmm") -> January | C7: =TEXT(A7, "yyyy-mm") -> 2023-01 | D7: 23 | E7: 45 | F7: 11 | G7: 7472 | H7: 303 | I7: =SUM(G7+E7) -> 7517 | J7: =F7-H7 -> -292 | K7: =(I8-I7)/I7 -> 0.037248902 | L7: =IF(F7<=E7, "Valid", "Invalid") -> Valid | M7: =IF(H7<=G7, "Valid", "Invalid") -> Valid | N7: =IF(J7>0, "Increasing Pressure", "Stable/Reducing") -> Stable/Reducing | O7: =IFERROR(H7/F7, 0) -> 27.545455 | P7: =AVERAGE(I7:I13) -> 7760.8571 | Q7: =_xlfn.STDEV.S(I:I) -> 2918.4581
A8: 44956 | B8: =TEXT(A8, "mmmm") -> January | C8: =TEXT(A8, "yyyy-mm") -> 2023-01 | D8: 34 | E8: 54 | F8: 29 | G8: 7743 | H8: 196 | I8: =SUM(G8+E8) -> 7797 | J8: =F8-H8 -> -167 | K8: =(I9-I8)/I8 -> 0.0053866872 | L8: =IF(F8<=E8, "Valid", "Invalid") -> Valid | M8: =IF(H8<=G8, "Valid", "Invalid") -> Valid | N8: =IF(J8>0, "Increasing Pressure", "Stable/Reducing") -> Stable/Reducing | O8: =IFERROR(H8/F8, 0) -> 6.7586207 | P8: =AVERAGE(I8:I14) -> 7812 | Q8: =_xlfn.STDEV.S(I:I) -> 2918.4581
A9: 44957 | B9: =TEXT(A9, "mmmm") -> January | C9: =TEXT(A9, "yyyy-mm") -> 2023-01 | D9: 26 | E9: 36 | F9: 36 | G9: 7803 | H9: 158 | I9: =SUM(G9+E9) -> 7839 | J9: =F9-H9 -> -122 | K9: =(I10-I9)/I9 -> 0.01224646 | L9: =IF(F9<=E9, "Valid", "Invalid") -> Valid | M9: =IF(H9<=G9, "Valid", "Invalid") -> Valid | N9: =IF(J9>0, "Increasing Pressure", "Stable/Reducing") -> Stable/Reducing | O9: =IFERROR(H9/F9, 0) -> 4.3888889 | P9: =AVERAGE(I9:I15) -> 7856.8571 | Q9: =_xlfn.STDEV.S(I:I) -> 2918.4581
A10: 44958 | B10: =TEXT(A10, "mmmm") -> February | C10: =TEXT(A10, "yyyy-mm") -> 2023-02 | D10: 25 | E10: 32 | F10: 27 | G10: 7903 | H10: 231 | I10: =SUM(G10+E10) -> 7935 | J10: =F10-H10 -> -204 | K10: =(I11-I10)/I10 -> -0.0054190296 | L10: =IF(F10<=E10, "Valid", "Invalid") -> Valid | M10: =IF(H10<=G10, "Valid", "Invalid") -> Valid | N10: =IF(J10>0, "Increasing Pressure", "Stable/Reducing") -> Stable/Reducing | O10: =IFERROR(H10/F10, 0) -> 8.5555556 | P10: =AVERAGE(I10:I16) -> 7900.1429 | Q10: =_xlfn.STDEV.S(I:I) -> 2918.4581
A11: 44959 | B11: =TEXT(A11, "mmmm") -> February | C11: =TEXT(A11, "yyyy-mm") -> 2023-02 | D11: 15 | E11: 13 | F11: 23 | G11: 7879 | H11: 298 | I11: =SUM(G11+E11) -> 7892 | J11: =F11-H11 -> -275 | K11: =(I12-I11)/I11 -> -0.036492651 | L11: =IF(F11<=E11, "Valid", "Invalid") -> Invalid | M11: =IF(H11<=G11, "Valid", "Invalid") -> Valid | N11: =IF(J11>0, "Increasing Pressure", "Stable/Reducing") -> Stable/Reducing | O11: =IFERROR(H11/F11, 0) -> 12.956522 | P11: =AVERAGE(I11:I17) -> 7857.5714 | Q11: =_xlfn.STDEV.S(I:I) -> 2918.4581
A12: 44962 | B12: =TEXT(A12, "mmmm") -> February | C12: =TEXT(A12, "yyyy-mm") -> 2023-02 | D12: 16 | E12: 18 | F12: 15 | G12: 7586 | H12: 342 | I12: =SUM(G12+E12) -> 7604 | J12: =F12-H12 -> -327 | K12: =(I13-I12)/I12 -> 0.018148343 | L12: =IF(F12<=E12, "Valid", "Invalid") -> Valid | M12: =IF(H12<=G12, "Valid", "Invalid") -> Valid | N12: =IF(J12>0, "Increasing Pressure", "Stable/Reducing") -> Stable/Reducing | O12: =IFERROR(H12/F12, 0) -> 22.8 | P12: =AVERAGE(I12:I18) -> 7836.1429 | Q12: =_xlfn.STDEV.S(I:I) -> 2918.4581
A13: 44963 | B13: =TEXT(A13, "mmmm") -> February | C13: =TEXT(A13, "yyyy-mm") -> 2023-02 | D13: 11 | E13: 22 | F13: 12 | G13: 7720 | H13: 196 | I13: =SUM(G13+E13) -> 7742 | J13: =F13-H13 -> -184 | K13: =(I14-I13)/I13 -> 0.017179024 | L13: =IF(F13<=E13, "Valid", "Invalid") -> Valid | M13: =IF(H13<=G13, "Valid", "Invalid") -> Valid | N13: =IF(J13>0, "Increasing Pressure", "Stable/Reducing") -> Stable/Reducing | O13: =IFERROR(H13/F13, 0) -> 16.333333 | P13: =AVERAGE(I13:I19) -> 7895.4286 | Q13: =_xlfn.STDEV.S(I:I) -> 2918.4581
A14: 44964 | B14: =TEXT(A14, "mmmm") -> February | C14: =TEXT(A14, "yyyy-mm") -> 2023-02 | D14: 16 | E14: 20 | F14: 20 | G14: 7855 | H14: 200 | I14: =SUM(G14+E14) -> 7875 | J14: =F14-H14 -> -180 | K14: =(I15-I14)/I14 -> 0.029968254 | L14: =IF(F14<=E14, "Valid", "Invalid") -> Valid | M14: =IF(H14<=G14, "Valid", "Invalid") -> Valid | N14: =IF(J14>0, "Increasing Pressure", "Stable/Reducing") -> Stable/Reducing | O14: =IFERROR(H14/F14, 0) -> 10 | P14: =AVERAGE(I14:I20) -> 7942 | Q14: =_xlfn.STDEV.S(I:I) -> 2918.4581
... A721: 46012 | B721: =TEXT(A721, "mmmm") -> December | C721: =TEXT(A721, "yyyy-mm") -> 2025-12 | D721: 6 | E721: 18 | F721: 11 | G721: 2484 | H721: 14 | I721: =SUM(G721+E721) -> 2502 | J721: =F721-H721 -> -3 | K721: =(I722-I721)/I721 -> -1 | L721: =IF(F721<=E721, "Valid", "Invalid") -> Valid | M721: =IF(H721<=G721, "Valid", "Invalid") -> Valid | N721: =IF(J721>0, "Increasing Pressure", "Stable/Reducing") -> Stable/Reducing | O721: =IFERROR(H721/F721, 0) -> 1.2727273 | P721: =AVERAGE(I721:I727) -> 2502 | Q721: =_xlfn.STDEV.S(I:I) -> 2918.4581

Sheet KPIs
C2: Important KPIs
C3: Average Total System Load | D3: =AVERAGE(HHS_Unaccompanied_Alien_Childre!I:I) -> 6232.7694
C4: Maximum Total System Load | D4: =MAX(HHS_Unaccompanied_Alien_Childre!I:I) -> 11762
C5: Maximum HHS Care Load | D5: =MAX(HHS_Unaccompanied_Alien_Childre!G:G) -> 11516
C6: Average Net Intake Pressure | D6: =AVERAGE(HHS_Unaccompanied_Alien_Childre!J:J) -> -44.738889
C7: Highest Net Intake Pressure | D7: =MAX(HHS_Unaccompanied_Alien_Childre!J:J) -> 206
C8: Average Discharge Offset Ratio | D8: =AVERAGE(HHS_Unaccompanied_Alien_Childre!O2:O1171) -> 2.0051227
